timestamp_min,solar_voltage,battery_temp,cpu_usage_pct,signal_strength_dbm,anomaly_flag
0,6.099342831,,48.08414325,-70.97654768,0
1,6.390885982,35.1730659,47.97796478,-68.03535641,0
2,6.964576313,35.53737525,65.63453855,-68.55960882,0
3,7.552076116,35.6796982,29.26953224,-70.72055684,0
4,7.60699346,36.61033417,49.23592125,-69.18652423,0
5,8.005293469,36.68226176,45.79911285,-66.12967643,0
6,8.756262422,37.87008529,55.81464143,-65.99990087,0
7,8.970316323,38.74865649,79.9734622,-66.31981031,0
8,9.085620708,39.2475726,66.16693364,-65.44892046,0
9,9.635223522,39.46347107,43.87194218,-62.42732412,0
10,9.76404212,39.80047969,69.65318314,-64.19498228,0
11,10.07480427,40.96331388,30.2425018,-62.68405062,0
12,10.50726141,40.8812687,21.82782118,-57.52539396,0
13,10.34540847,41.81895427,32.26690235,-64.07994234,0
14,10.62924187,41.22661763,40.42469337,-64.31425421,0
15,11.08369492,40.745161,50.63484545,-58.43282067,0
16,11.19019805,42.16196789,56.90774843,-60.75890084,1
17,11.62595259,42.62950808,74.63634303,-59.45261699,1
18,11.52473428,42.9319778,50.59124057,-59.80660771,1
19,11.53931362,42.6455611,50.07653868,-58.20637078,1
20,12.20197627,43.23373642,23.01458059,-53.94717158,1
21,11.92197611,42.27081505,22.09469316,-55.01313096,1
22,12.0098506,42.91026428,53.06959771,-54.38238557,1
23,11.71139532,42.14183276,46.29071679,-58.4456581,1
24,11.85825483,42.49712052,70.3508237,-57.43941096,1
25,11.93103104,43.19083576,29.64077508,-60.35726846,1
26,11.59157564,43.22231572,21.49829973,-55.85854657,1
27,11.7814787,42.86955382,46.94232608,-51.90625374,1
28,11.44297539,41.56652155,34.24871341,-52.38535552,0
29,11.33442553,42.22393963,22.9768624,-53.4820646,1
30,11.0758111,42.21203239,63.47589721,-52.72409249,1
31,11.34468107,41.71213016,26.69558,-53.71881923,0
32,10.72536508,41.02103903,56.49917,-51.61460131,0
33,10.24732677,40.37833425,36.86298501,-50.19733429,0
34,10.33245921,40.10623965,30.40976302,-54.68809648,0
35,9.612556928,39.74297561,42.78509138,-50.60685221,0
36,9.568484233,39.29225227,68.08674657,-49.11399993,0
37,8.787581561,38.39113856,43.52561461,-51.60496666,0
38,8.551192167,37.38304216,65.04617895,-49.19268425,0
39,8.479792106,37.50095901,27.52917781,-44.8077391,0
40,8.199814176,37.66091194,66.36628518,-50.51253053,0
41,7.688097791,36.34573011,34.21599949,-49.40802453,0
42,7.224340488,36.69999266,60.64358779,-51.58567626,0
43,6.774817867,34.96240871,53.94689329,-49.68621667,0
44,6.122834444,34.29659403,75.74868303,-49.09164021,0
45,5.856031158,34.25034215,43.23935108,-49.61031532,0
46,5.489333403,32.52481724,23.96991133,-52.0515741,0
47,5.376385839,32.18417435,21.14932913,-49.63599545,0
48,4.821253513,31.46905211,69.61151366,-47.18517022,0
49,3.993567834,31.6216438,51.48413826,-49.2973671,0
50,4.012695934,30.74311483,66.51464311,-48.37987056,0
51,3.482563685,31.50294517,34.065536,-50.91107193,0
52,3.047786223,29.28955554,40.70502473,-49.094285,0
53,2.942819672,29.50650516,21.80623233,-50.2162304,0
54,2.679488391,29.79028756,77.68953947,-52.88069113,0
55,2.329530366,29.49734199,60.0720744,-50.56910557,0
56,1.664206273,28.5270612,75.99230527,-53.43971624,0
57,1.479288572,27.82311597,35.92978445,-52.9948514,0
58,1.338188165,27.51931351,56.68781667,-51.64546246,0
59,1.22088359,27.12758886,60.7099981,-51.7465596,0
60,0.70801273,,39.05298202,-55.05795685,0
61,0.570103927,25.57956303,70.8865541,-50.93106653,0
62,0.215629878,24.91434537,76.82968777,-52.27523599,1
63,0.054419577,25.07994214,73.09130706,-55.22911698,0
64,0.340730807,25.4260039,64.34401856,-57.31495452,0
65,0.362401488,25.31698821,36.64788078,-54.9689203,0
66,0.018466603,25.37589363,36.89696253,-56.02899092,0
67,0.204361617,25.78419503,77.80161923,-55.38692308,1
68,0.075982243,25.15817681,20.61706976,-56.83306591,0
69,0,25.73876504,62.96299839,-60.63230159,0
70,0.163432603,24.67430435,62.37476975,-57.92094168,0
71,0.485832956,25.6319197,57.36137246,-58.29800872,0
72,0.286495694,25.07133238,79.40653077,-56.9769729,1
73,0.749825604,25.1914701,38.71276615,-60.21254128,0
74,0.083286701,25.08358971,40.39831183,-56.04426537,0
75,0.968228078,26.39146836,24.73636418,-63.8232811,0
76,1.043183978,27.32150084,46.56788819,-57.98823375,0
77,1.212134008,27.13360685,35.66291157,-61.68121501,0
78,1.559483202,26.82713139,40.60320213,-60.14609739,0
79,1.434535994,28.07885027,70.07430742,-62.34826516,0
80,2.099339964,28.75952679,76.12907081,-60.88048606,0
81,2.544711001,29.10811535,31.14398432,-64.59438404,0
82,3.116063224,29.56085279,42.35053589,-66.68449373,0
83,3.07951658,29.13955525,75.71783373,-62.32055351,0
84,3.397881421,29.91071874,23.70850764,-66.06872748,0
85,3.847527731,31.31566591,25.54163169,-66.0839195,0
86,4.529256289,32.73617759,29.76745935,-64.74703415,0
87,4.818280077,32.99904188,55.71277005,-69.97334122,0
88,5.059009353,32.34408932,29.02833626,-67.41388873,0
89,5.684114644,32.96636325,78.08458289,-70.48179958,0
90,6.01941551,34.09956639,46.80287164,-70.26433871,0
91,6.612267841,34.03418208,50.09107762,-70.553432,0
92,6.694627987,35.20352584,34.79951695,-74.3955732,0
93,7.181937716,35.69910528,48.25761515,-73.64824335,0
94,7.575402504,36.13008551,59.71481796,-70.08131623,0
95,7.75941787,35.84177527,65.07062822,-71.70058118,0
96,8.499643914,38.00626592,65.23208496,-74.28351297,0
97,8.869040431,38.03721023,54.67346676,-74.35219099,0
98,9.180538277,38.185849,74.2615865,-76.10123213,0
99,9.479794087,37.78356002,69.04447084,-73.46717312,0
100,9.57365151,39.34671981,65.42288688,-77.24110802,0
101,10.08382116,41.01185754,23.3363313,-77.02844768,0
102,10.39032605,41.41611868,20.41267773,-75.84267257,0
103,10.56760907,40.62286547,32.74683663,-80.32216591,0
104,10.94196829,41.11184641,59.81141563,-76.27185289,0
105,11.27696259,42.14983102,44.67184933,-83.06092282,1
106,11.77000146,42.15580947,44.14437556,-77.33910102,1
107,11.59801869,42.54792398,73.07521329,-81.92920924,1
108,11.75784918,43.0198139,73.73377089,-82.24110254,1
109,11.80688517,43.32379437,74.55051584,-86.09324985,1
110,11.52509228,42.23756137,38.83268459,-83.76534163,1
111,11.9618286,42.84090602,61.46334876,-85.46222519,1
112,12.008391,42.57359521,36.29799088,-85.1084601,1
113,12.48899338,43.3200499,31.43658998,-84.66141794,1
114,11.92865918,42.77974932,31.07794744,-82.94731328,1
115,11.96915599,43.13741673,40.52645725,-84.90568216,1
116,11.814832,43.17904032,45.79745719,-85.14486177,1
117,11.47260349,41.80731576,69.85695026,-88.37137867,0
118,11.79166769,43.43384582,27.19346561,-88.34225963,1
119,11.54315088,42.17916453,64.09555084,-83.36351189,1
120,11.35435881,,51.88729485,-88.79091015,0
121,10.79234794,40.81491608,37.27672056,-84.34653535,0
122,11.00862338,40.30081495,49.56917507,-88.46200332,0
123,10.17849874,40.70977081,37.99652419,-88.26633328,0
124,10.28532164,40.79640441,55.76491731,-86.40294677,0
125,10.29481678,40.3015614,46.03063537,-86.25006757,0
126,9.328604249,39.02640173,29.86433174,-89.24275545,0
127,9.066256039,38.85735367,26.99498447,-90.00172003,0
128,8.83675965,37.47386655,52.80174092,-89.51775542,0
129,8.339724728,37.24506075,74.144782,-88.88703696,0
130,7.741988174,37.0101146,40.63746119,-87.91354769,0
131,7.66753673,35.87416038,63.98000643,-89.79690166,0
132,7.035009402,35.69929307,59.5196813,-88.65266531,0
133,6.929757092,34.71634474,75.89329486,-86.67456154,0
134,6.234653996,34.58519598,69.25886104,-89.22519732,0
135,6.309986881,34.44715958,53.99631553,-89.37669429,0
136,5.424810499,32.32964984,59.42182989,-93.02563819,0
137,5.100549091,33.23319331,73.903188,-95.21274128,0
138,4.915233299,32.00555416,43.97112708,-89.11368645,0
139,4.100003002,30.74487828,39.60768235,-89.99500984,0
140,3.993371127,31.09034129,20.64866502,-90.72572041,0
141,3.821008692,31.30583171,69.59306445,-89.07589161,0
142,2.861673976,28.78460006,68.05884202,-89.52672198,0
143,2.857411186,29.3169567,26.26727109,-86.96967342,0
144,2.525265045,29.00230582,54.61144287,-88.84890859,0
145,2.299638916,28.79601118,47.83890189,-90.28769899,0
146,1.584659635,27.46521023,27.12254573,-86.56334461,0
147,1.277039725,26.73204567,78.83409362,-88.7051713,0
148,1.376323791,26.65069058,32.88175325,-86.92280756,0
149,1.085171499,26.67082919,24.03405081,-88.61377327,0
150,0.853946147,25.74484972,55.69084277,-88.62016185,0
151,0.676525364,24.5541128,64.33200063,-86.79262546,0
152,0.300891928,25.66961779,21.94660676,-86.55509416,0
153,0.340111642,25.96213488,59.52305832,-85.22068582,0
154,0.236840137,24.17379399,51.93751256,-86.29750658,0
155,0,24.49513465,26.19590053,-88.99360843,0
156,0.40602353,25.91861243,30.35143262,-85.72844428,0
157,0.098421622,26.17638017,54.07845784,-82.79915907,0
158,0,25.01039685,37.78145681,-84.48791957,0
159,0.16417935,24.88226755,76.29894372,-83.87537893,1
160,0,24.90855178,69.12441377,-80.88299918,0
161,0.335642563,26.19090205,79.01403239,-83.73717596,1
162,0.525380018,25.46508794,35.58025034,-84.84131148,0
163,0.272760409,25.00954461,78.18341797,-81.50512031,1
164,0.799910948,25.95849466,45.87403219,-81.56673319,0
165,0.886403763,25.85294134,40.85112772,-81.93249264,0
166,1.190186597,26.84661505,23.02097162,-79.74018817,0
167,1.651294075,28.28928034,23.16591547,-77.78441164,0
168,1.492053424,27.39961977,61.52067536,-78.15330998,0
169,1.681302544,27.39577707,47.47573967,-76.87816972,0
170,1.965371456,27.80215155,33.59129756,-73.21358747,0
171,2.310126429,27.68359424,56.83821838,-76.86609761,0
172,2.805064073,29.649151,35.1714871,-74.95604985,0
173,3.251401018,29.83818293,54.65790526,-75.85686464,0
174,3.614918301,30.3321375,41.55252482,-75.85095326,0
175,4.11331579,32.76652747,69.4131336,-74.64277886,0
176,4.348776243,31.67254082,69.24176965,-73.74097916,0
177,5.043236671,32.18895948,48.64102389,-71.37161767,0
178,5.112030028,32.45486624,41.04914656,-66.6969779,0
179,6.125494991,34.76246534,41.75358779,-72.13007681,0
180,6.12513347,,68.34287154,-70.83325061,0
181,6.247107331,33.65152201,39.69076897,-69.42825609,0
182,6.620860106,35.39090463,32.54356242,-67.81327283,0
183,7.343964628,35.6818749,25.08130051,-67.38232911,0
184,7.609131578,37.35034625,48.00158725,-64.64834639,0
185,8.194920959,37.83240547,48.92792594,-71.37982059,0
186,8.535067383,37.57894013,70.45452262,-70.61562592,0
187,8.802263594,38.84390357,33.27432179,-66.15331843,0
188,9.010156842,38.54916302,42.85947642,-62.29265251,0
189,9.223742069,39.26199994,68.50434433,-66.95095618,0
190,9.767422668,39.89350041,69.41741664,-69.17486181,0
191,10.33922998,40.08566664,43.07666456,-61.36550932,0
192,10.5016877,40.43075664,47.5474414,-61.37795269,0
193,10.47891677,41.23335556,38.19715345,-63.41299388,0
194,11.00886162,41.34590476,75.95329271,-62.58164795,0
195,11.2732159,41.70799962,27.11862594,-61.93948744,0
196,11.21599279,41.3464279,76.02496538,-59.18054408,0
197,11.59384815,42.60257176,61.03198711,-60.06877248,1
198,11.71798084,43.60823372,51.89432916,-57.25616712,1
199,11.5931803,41.85600399,21.95954365,-63.39602382,0
200,11.98040399,42.98271571,48.53577151,-58.85795154,1
201,12.07928828,43.82504269,44.4648863,-58.86949579,1
202,12.21295521,43.27961212,29.67312872,-56.61951395,1
203,12.20710537,43.53684396,59.38457621,-56.68929951,1
204,11.6915975,42.00619948,78.26905444,-53.54141593,1
205,11.72128151,42.79607581,53.73132866,-58.39778468,1
206,11.92478141,42.79359998,62.88519659,-54.14880198,1
207,11.80909629,43.20650943,24.10702715,-52.70298727,1
208,11.66611266,43.09286202,45.06001975,-49.70595368,1
209,12.16331058,44.53974768,26.98150911,-54.00257002,1
210,11.31033052,42.25531237,56.76775013,-52.03057472,1
211,11.20133856,41.964906,76.30892949,-55.94877373,0
212,10.91886487,41.47548946,59.70666395,-56.80803148,0
213,10.5891472,40.70713766,24.6081829,-50.0395421,0
214,10.10489637,40.32658648,41.2799723,-51.4674435,0
215,10.0085195,39.86507855,53.03980277,-48.8491222,0
216,9.372146471,39.14245019,44.19246537,-53.72567545,0
217,9.132151864,39.35702656,70.01864063,-49.7349618,0
218,8.719756667,37.57636372,68.88026028,-46.85644979,0
219,8.456794686,38.25513131,56.70986121,-49.59763677,0
220,8.515052573,38.43113639,42.40747671,-49.75068193,0
221,7.280371096,35.86152238,35.32018243,-50.17752646,0
222,7.384722183,35.01615582,26.35245909,-53.25132501,0
223,6.512495432,34.46483215,41.29386101,-47.33757312,0
224,6.324152469,35.13472598,44.79035103,-51.23389874,0
225,6.217790119,34.31525115,60.54937551,-48.99103349,0
226,5.594317161,32.89182463,59.48958946,-53.13825207,0
227,4.949412439,32.1717312,24.20648838,-52.40763832,0
228,4.609469113,32.33451368,43.71555893,-47.23938729,0
229,4.482095415,31.99650991,30.90673203,-50.8892432,0
230,3.801805814,30.58324267,29.40876232,-47.39729399,0
231,3.602871859,30.22089558,69.63812898,-50.5935093,0
232,3.192284991,29.59254841,22.514913,-54.27788102,0
233,2.690164345,28.57404143,45.15097255,-48.99063088,0
234,2.902077304,30.1608038,30.09221935,-52.15865431,0
235,2.270058146,28.24392698,72.75981294,-49.80876996,0
236,1.42702126,27.74911115,53.4224308,-51.40590117,0
237,1.57842191,28.12829089,33.88283818,-54.8153273,0
238,1.139578185,27.20852273,50.14563723,-51.69552954,0
239,1.196261232,26.57858169,63.88918158,-47.94860186,0
240,0.64534343,,77.48708054,-51.69351901,1
241,0.584288434,25.86433485,33.22676025,-53.15407358,0
242,0.537894328,25.35499056,73.17090633,-51.26856174,0
243,0.466811941,25.86239755,76.05824685,-53.39832318,1
244,0,24.4104801,74.98523267,-53.82071647,0
245,0.024253235,25.63021955,58.12486141,-56.86236148,0
246,0,24.76769135,57.78923927,-54.66940744,0
247,0,25.10057983,44.19263799,-53.54231716,0
248,0.356745886,25.67676276,65.14387294,-57.7789569,0
249,0.11386497,25.04134497,51.8776411,-53.76839623,0
250,0,25.2933469,60.64628427,-57.32765985,0
251,0.361798032,25.30524522,45.70747423,-59.46230952,0
252,0.718092142,26.51278686,63.88978784,-56.2490308,0
253,0.643389925,25.29209505,69.46829106,-59.3897304,0
254,0.303361729,25.51823238,28.7861754,-57.88258494,0
255,0.707000763,27.02996564,69.97578293,-60.58351726,0
256,1.279156795,26.41856953,52.41779191,-60.73022103,0
257,1.130401585,26.35672989,70.67995455,-60.24545666,0
258,1.629894933,27.70179632,45.87810238,-61.28347302,0
259,1.986976588,28.07025577,42.74242912,-66.49893169,0
260,1.957888248,28.11214742,74.90364395,-65.40208461,0
261,2.461383415,28.93666869,35.07015605,-61.96084014,0
262,2.172230947,28.57570715,70.65273952,-64.75152606,0
263,2.978293095,30.02228956,49.04123435,-66.20902469,0
264,3.509066511,30.4685091,50.84572655,-68.55891421,0
265,3.698322504,30.42685493,38.50809689,-68.68650909,0
266,4.672658126,32.34527404,54.38253204,-71.26013526,0
267,4.46650158,32.64969334,39.51267178,-68.11199217,0
268,5.076952497,32.54911187,22.35616485,-69.80174569,0
269,5.607609273,32.92414926,36.31991632,-71.23518585,0
270,6.288254658,34.98592232,20.3827426,-70.13624685,0
271,6.131366412,34.13685904,78.70128722,-69.97004867,0
272,7.067671356,34.51517226,77.94483259,-67.20873361,0
273,7.249516757,36.29798597,43.70931785,-75.1143361,0
274,7.457522405,35.91861951,63.70225126,-70.46469993,0
275,8.144541555,37.17154569,40.7483659,-71.52676043,0
276,8.480231798,37.88633786,60.26558943,-75.7164193,0
277,8.696786001,38.14042884,68.32580258,-74.431966,0
278,9.193476002,39.14493991,76.80537468,-76.42801362,0
279,9.449648794,38.95673001,44.01273655,-75.80896273,0
280,9.879429127,40.07569659,66.99787898,-73.82214084,0
281,10.30037636,40.3207912,35.95570704,-76.2809194,0
282,10.77607232,41.53351371,79.41993823,-77.11751612,0
283,10.48050142,41.02843587,21.54617593,-79.62804158,0
284,11.40083211,41.63352881,56.21172839,-82.35754459,0
285,10.80573486,41.75159335,59.5703589,-80.41693642,0
286,11.36240726,41.77562917,61.28273342,-78.18516897,0
287,11.68076657,42.92517875,27.22325473,-84.23819378,1
288,11.76253747,42.82744986,76.31178701,-83.86588378,1
289,11.69723445,43.46494352,30.87099674,-82.06069403,1
290,11.86722207,42.68910011,57.36520419,-84.82506176,1
291,11.86853119,42.62813838,33.36056475,-84.96765902,1
292,11.87847201,42.80799821,38.43298502,-84.74036457,1
293,12.16626538,43.09780818,52.7875125,-87.11803082,1
294,12.03853447,43.45777266,45.03160511,-86.8111402,1
295,11.7702646,41.84724159,29.61353606,-83.91403303,0
296,12.00169433,42.47570029,30.25618415,-88.37495464,1
297,11.767799,42.11779704,45.08868729,-89.37608416,1
298,11.72567555,43.06366712,65.4369787,-87.84080141,1
299,11.51869005,43.13334176,73.87787881,-85.49705092,1
300,11.03035342,,25.04765974,-87.71435169,0
301,10.86218923,41.20887298,43.58623445,-88.58811401,0
302,10.87752324,41.35131095,26.01473382,-87.88716333,0
303,10.58094301,41.45235366,20.99554884,-91.76232402,0
304,10.1637699,39.78197829,59.70312096,-87.55426578,0
305,9.880191135,39.93947119,56.14696652,-88.02698235,0
306,9.782244493,40.16096555,29.78114683,-89.83974727,0
307,9.061201308,38.84234905,34.02876999,-87.2133849,0
308,8.926248853,38.48416409,21.42246522,-91.66090672,0
309,8.399981328,38.10049504,70.09683234,-87.30713403,0
310,8.008584619,35.66126078,78.48143576,-89.38716773,0
311,7.873579505,37.14930692,28.12757221,-90.47846655,0
312,7.412553415,35.79179228,33.88851283,-89.93018518,0
313,6.997740533,34.58129435,72.10457144,-90.16581054,0
314,6.679634604,35.27505321,75.58782788,-87.54725075,0
315,6.004200768,34.69313043,45.17764297,-92.15335825,0
316,5.717851752,33.50805337,23.03734834,-91.51285502,0
317,5.102908043,33.13079934,22.36351002,-87.87867522,0
318,4.817363126,33.03218382,54.43699196,-91.08150778,0
319,4.320147254,32.13767811,43.57370653,-88.00429522,0
320,3.967278333,31.77089976,21.71914565,-86.29728309,0
321,3.678611547,30.88898107,54.99514354,-90.36654207,0
322,3.019526487,29.56700655,20.6781522,-88.04318987,0
323,3.23896187,29.0574599,67.24231749,-91.53261848,0
324,2.27208501,28.28509627,38.38596936,-87.51166373,0
325,1.900436619,27.42903163,22.41548018,-88.39500444,0
326,2.063671952,29.18097929,55.30113326,-87.59760053,0
327,1.699463586,27.46125247,43.86106487,-89.5620533,0
328,1.396759442,27.15674157,78.4280248,-91.29804776,0
329,1.151443667,27.00290819,52.65191975,-86.65244773,0
330,0.801398223,26.22389856,36.51435086,-91.44731438,0
331,0.427784848,26.48920279,62.56633188,-87.59566291,0
332,0.452057784,25.366762,36.28952015,-84.69838772,0
333,0.15822856,25.33464657,74.25459748,-85.79654442,0
334,0.373249589,25.18863909,42.48331823,-81.86352978,0
335,0.061742006,24.43260175,52.99211377,-83.27067056,0
336,0,24.69411545,23.03438623,-86.17069329,0
337,0,24.9814816,45.56727428,-84.33216925,0
338,0.086241329,24.91471088,69.94181238,-83.98790881,0
339,0,24.65378951,68.33892832,-86.54696565,0
340,0,24.29684127,33.45911353,-84.73655003,0
341,0.226963085,25.29889184,33.56474426,-83.43475132,0
342,0.342654216,24.76162114,69.03831873,-85.82814605,0
343,0.335508238,25.88329034,75.82390521,-81.08887113,1
344,0.513028061,25.81076197,25.72165528,-81.09652897,0
345,0.850257565,25.5466106,47.00351837,-83.3457878,0
346,0.736157696,25.94963201,40.24725674,-78.58100553,0
347,0.990442723,26.10958588,72.24130733,-77.33567745,0
348,1.397442203,27.25575056,25.01149488,-77.6806639,0
349,1.789360347,28.35426574,32.66755655,-78.14026822,0
350,2.205455855,27.37059755,65.14810026,-75.65751856,0
351,2.76835973,29.21005263,23.07763094,-74.81989917,0
352,2.992016339,29.40795811,49.55212284,-74.89793998,0
353,3.151182917,30.06244441,46.52642208,-76.48766241,0
354,3.5557769,30.44026366,40.06407074,-73.60503229,0
355,3.747373267,30.24507523,43.67433892,-71.08200225,0
356,4.342473238,31.35418289,51.79643522,-73.97672014,0
357,4.694798127,31.64418426,29.6820415,-67.89469059,0
358,5.229505106,33.38226123,54.3197527,-72.44639134,0
359,5.416014969,33.13467828,68.32593976,-70.63317591,0
360,6.103869303,,65.60965579,-71.34497119,0
361,6.725086625,35.05729953,29.23399428,-68.85546839,0
362,6.813286576,34.86572648,28.95496818,-72.08931391,0
363,7.327812489,35.23486154,36.09046206,-69.00151433,0
364,7.791852933,35.78620956,41.66448358,-69.40078038,0
365,7.971876766,36.16574718,44.50733488,-66.25635975,0
366,8.485238355,37.86142086,60.78183301,-63.85287143,0
367,8.819347857,38.4833843,23.40082593,-63.86954971,0
368,9.199050805,38.00798086,22.08036225,-69.23057161,0
369,9.372109557,39.50568349,43.51463378,-59.73552081,0
370,9.861627693,39.55091101,61.82982153,-62.56903725,0
371,10.26754988,40.47472133,31.60612058,-64.06086641,0
372,10.74909767,41.92975683,58.49026888,-61.5510113,0
373,10.91991869,41.82829769,35.58968828,-60.88019742,0
374,11.40486193,41.97302757,73.16516653,-61.94426618,0
375,11.04268291,41.11842825,73.74139666,-59.60416667,0
376,11.56722841,41.27493491,37.83723226,-60.61655929,0
377,11.59977153,42.04008063,33.79962524,-59.62486592,1
378,12.14429968,43.11088441,44.67823832,-59.61685323,1
379,11.6601147,41.99658229,34.43189511,-60.55211307,0
380,11.74090215,42.54572474,60.3430306,-56.85257487,1
381,11.84725284,42.80930521,69.56388107,-55.446789,1
382,11.57156582,42.24492073,60.38552785,-55.0770654,1
383,11.89119396,42.51178965,69.46102683,-53.97335349,1
384,11.81530484,42.8072846,43.81952973,-54.48842307,1
385,11.93892528,43.12935824,29.37901824,-55.74456213,1
386,11.89012555,42.28998879,64.27705684,-52.5604572,1
387,12.08157327,43.82782609,41.62847031,-56.53469519,1
388,11.7531879,42.58048778,60.27624951,-55.22059131,1
389,11.27738355,41.92550013,36.23863652,-54.96743822,0
390,11.01646949,41.87881144,24.87377809,-50.51937981,0
391,11.07260927,41.72552197,79.55490773,-50.45547111,0
392,10.46401788,41.17259514,29.37209048,-51.0495086,0
393,10.82516071,41.38130314,79.30525964,-49.58523112,0
394,10.40383825,40.29953868,78.63679595,-53.21488847,0
395,9.762890528,39.82508755,67.62908623,-50.50895734,0
396,9.184084608,38.20426381,59.56537772,-51.22921853,0
397,9.45029006,39.22971494,54.66842302,-49.08100187,0
398,8.793921408,38.17426712,71.96609272,-50.82453394,0
399,8.687983121,37.92791625,37.3663713,-51.20693376,0
400,7.733235328,36.53558424,48.06087275,-49.2220279,0
401,7.53394913,35.35999917,57.16339816,-48.44230029,0
402,7.248518885,35.59841587,44.67142855,-51.44625248,0
403,6.844434725,35.31307454,45.64918725,-50.17087034,0
404,6.328525748,34.57271682,39.81708005,-52.12906473,0
405,6.124569986,33.67301741,53.853909,-54.99612203,0
406,5.367937072,33.68475953,71.03447168,-49.6112642,0
407,5.136485497,32.27164082,32.09170268,-48.83090828,0
408,4.776588981,32.64961207,76.06598233,-49.58542847,0
409,4.449063632,31.88719263,61.34525922,-54.09376206,0
410,4.090202116,30.81218952,69.39639276,-51.0055438,0
411,3.334651723,30.88963303,53.37144156,-54.87374351,0
412,2.876347789,28.71770327,66.77100209,-47.85468326,0
413,3.076019779,30.07360676,20.97202384,-52.94687525,0
414,2.539751289,29.30991809,69.10282549,-48.46806246,0
415,1.993577035,27.65505545,22.40833155,-49.3144083,0
416,2.142280172,28.90965291,73.39480258,-53.25750361,0
417,1.564265974,27.2213757,79.51776483,-53.99466075,0
418,1.507794915,27.40603919,37.64404773,-51.32337864,0
419,1.039278261,26.68907831,32.61911338,-54.02969622,0
420,1.215997162,,65.92180183,-52.47452264,0
421,0.958303891,26.84285997,35.18158046,-54.00469326,0
422,0.387104043,25.97740042,71.93374299,-56.98156538,0
423,0.487975092,24.85769665,26.17055553,-58.28059615,0
424,0.307300832,26.11312137,27.55731178,-53.78641643,0
425,0.364879793,24.7160737,78.74909331,-55.80222663,1
426,0,25.5162731,60.4303339,-56.24328312,0
427,0.14086533,25.77465056,70.81323347,-54.22147632,0
428,0.215339935,24.77752669,39.45976264,-53.75994804,0
429,0,24.79459286,60.58902497,-57.16247732,0
430,0,24.44714767,55.65450964,-57.82544522,0
431,0,24.89253948,56.18900721,-56.68648443,0
432,0.239779535,25.20565216,60.95194757,-60.95816609,0
433,0.580405324,26.26043825,54.52155039,-58.36983582,0
434,0.907707133,27.01671507,45.74374216,-58.29784277,0
435,0.818666533,26.92584171,36.55536166,-58.63953958,0
436,1.351497674,26.7461625,66.11487985,-64.48407415,0
437,0.995915187,26.38926184,33.5763458,-62.7552876,0
438,1.200454559,25.95896274,61.54125837,-63.62179364,0
439,1.820940237,27.32847532,33.99996936,-62.30809422,0
440,2.220087432,28.81255696,57.5198102,-62.19810797,0
441,2.466749537,29.50791572,64.82469603,-60.8262393,0
442,2.406995995,27.99331956,33.12283333,-65.47718384,0
443,3.165346615,29.45178779,23.59659805,-66.15670708,0
444,3.298686241,29.93482648,27.85842458,-63.54242215,0
445,4.08181365,31.26280105,56.35981804,-65.93388257,0
446,4.419495514,31.22444151,70.96678437,-64.68123496,0
447,4.564553898,32.05886137,22.69980927,-67.33197473,0
448,5.062188011,32.35636234,64.04907554,-70.91910376,0
449,5.369618453,33.04720154,40.47911876,-71.96826678,0
450,5.987464181,34.25433839,48.7117022,-73.1030245,0
451,6.609567307,34.91756209,75.73157299,-69.37388626,0
452,6.637893396,34.73864715,39.91829028,-69.01793583,0
453,7.348279448,35.96761427,47.92021604,-68.39184498,0
454,7.547772611,36.27747744,20.82094489,-71.09725135,0
455,7.893546294,36.65531393,24.8959232,-71.1472864,0
456,8.419013786,37.49912265,35.51549547,-75.31826648,0
457,8.609780912,38.71399495,21.67113445,-77.15126955,0
458,9.068785724,38.88363831,57.88251956,-73.81258845,0
459,9.287135935,38.78296374,45.58390141,-75.34497838,0
460,10.24967068,40.72298323,52.88871216,-76.62551412,0
461,10.17500293,40.09559465,30.47883115,-76.71738891,0
462,10.31892385,41.0649481,37.75592177,-77.4883619,0
463,10.7708605,41.34111185,59.82946849,-76.19978922,0
464,10.95175983,41.37398867,77.91816342,-76.79946009,0
465,11.1519585,41.95179622,23.02500642,-78.9115593,0
466,11.51559762,41.48795835,73.42305925,-78.90677954,0
467,11.71460467,42.00852327,54.61287208,-80.15573296,1
468,11.60023887,41.8033958,53.83517401,-82.67804451,0
469,11.70661071,42.63138761,50.01671211,-80.80010016,1
470,11.85383618,43.64701177,24.16364515,-85.64474233,1
471,11.50674714,43.37577078,25.3926111,-81.27482902,1
472,11.69330675,42.85898568,56.05472034,-86.28221329,1
473,12.26971982,43.65500196,40.45751429,-83.81518943,1
474,12.29612491,42.54365851,75.03608399,-86.55320443,1
475,11.85903931,42.51722207,44.39543224,-84.2141109,1
476,11.93708575,42.51173675,28.59688752,-85.82806552,1
477,11.76858913,42.34245989,62.88313001,-89.3698518,1
478,12.17887929,43.18424702,37.60120529,-85.73935219,1
479,11.61667926,42.1889736,51.52821844,-88.11680348,1
480,11.1705689,,61.86996713,-85.55821463,0
481,10.78311735,41.54863115,74.01584667,-87.65630048,0
482,10.40677526,40.07379137,67.53147169,-87.18503896,0
483,10.49956168,40.86896595,60.58166407,-90.18604706,0
484,10.01668007,41.06206145,60.77799094,-89.72234155,0
485,9.572274916,38.89872008,76.75547864,-89.71112969,0
486,9.397396937,37.83095164,37.74944585,-87.30772537,0
487,8.963205985,38.30180687,20.06672565,-85.87047974,0
488,9.154257704,39.28186637,36.31727356,-91.01625803,0
489,8.61674781,38.90429544,33.07348278,-87.40925573,0
490,8.050526332,36.4610147,59.71007511,-94.0355099,0
491,7.949812963,37.17306906,58.02269599,-92.19374018,0
492,7.262943806,35.66176048,55.60768296,-91.80799482,0
493,6.662781765,34.94119847,20.97460659,-92.65629838,0
494,6.723163658,36.40691716,63.72668327,-93.15499332,0
495,6.107782009,33.41018785,39.41182475,-89.17400218,0
496,5.374011927,33.18788772,59.90335934,-90.41595194,0
497,5.126893659,32.92418707,53.39470571,-89.19247021,0
498,4.577406204,32.40900247,40.56385553,-88.50949254,0
499,4.069615919,31.15341546,28.07457603,-89.27412739,0
500,4.13311465,-273,25.66513386,-88.38062871,0
501,3.94146347,30.71637092,69.89109999,-89.70201659,0
502,2.903457109,29.48974913,75.10385252,-91.7799013,0
503,2.933078262,29.22802126,58.98728281,-87.10960556,0
504,2.343159972,28.8255259,26.20604689,-90.19935459,0
505,2.045849265,27.88396873,44.12163301,-90.66504501,0
506,1.713570992,27.75890669,63.73635201,-88.89951284,0
507,1.368332893,27.03786793,66.78925304,-90.09653099,0
508,1.281639804,27.48548483,27.09311734,-88.81074169,0
509,0.859584541,26.26367995,20.00184313,-86.97084401,0
510,0.857938942,25.40039218,62.72822275,-86.6238246,0
511,0.5971881,26.5267429,41.39577056,-88.75662206,0
512,0.389107263,25.13079474,35.2688799,-87.5561622,0
513,0.11214817,24.84133909,20.77384819,-84.03167388,0
514,0.062871376,24.79647642,52.41796441,-84.76741484,0
515,0.242231727,26.05056664,71.06904413,-81.17075878,0
516,0.133052065,24.13174099,77.45789878,-82.50264016,1
517,0,26.56887427,53.94469704,-82.09820987,0
518,0.023521499,25.56331065,50.86767966,-86.66890451,0
519,0.183146052,25.38633854,25.10338313,-81.85489142,0
520,0,24.972553,52.93236809,-82.9619658,0
521,0.286897681,25.57312356,42.79874474,-83.41519311,0
522,0.16113615,25.50226544,56.42811685,-81.41967436,0
523,0.551016606,26.1491327,43.32358087,-79.293435,0
524,0.454583891,25.95967807,34.41794741,-79.5967221,0
525,0.442871157,25.70909708,25.69791651,-81.7569476,0
526,0.700266077,25.95172991,38.89510668,-77.90451343,0
527,1.281552468,26.84669206,25.79869006,-80.04259802,0
528,1.593075547,27.29215918,30.61381705,-77.70136662,0
529,1.651186452,28.04366473,79.24016951,-78.098832,0
530,2.270992834,28.70326761,46.64621341,-77.27813537,0
531,2.140984474,26.74128239,51.91230599,-74.64785394,0
532,2.807268455,29.53885307,72.41711172,-77.59313456,0
533,2.940967383,29.50881917,79.73413403,-70.94804776,0
534,3.42921292,30.134465,54.96286696,-77.80040595,0
535,3.957358874,30.74177908,68.74842926,-74.66829892,0
536,4.174093192,31.82319615,39.61646146,-72.04303824,0
537,4.675618746,32.48719135,38.34463745,-70.92194093,0
538,5.366219956,32.6628911,44.16222326,-71.59608092,0
539,5.466082784,33.40265032,60.35043576,-70.81277134,0
540,6.167138422,,60.93150136,-69.17889983,0
541,6.192597472,33.59908712,38.91436608,-69.76414902,0
542,6.940999441,35.09814055,27.99259545,-65.81850801,0
543,7.535783869,36.73487254,57.94377539,-66.23073251,0
544,7.159495235,36.21580538,27.69955173,-65.47088928,0
545,7.892741809,37.09565542,54.70955049,-68.45934989,0
546,8.555834284,38.19629932,61.60532768,-66.00054303,0
547,8.7762203,38.42241959,62.03668978,-65.76249399,0
548,9.25374476,38.55987634,65.20832664,-66.49845564,0
549,9.405914476,39.32483299,72.37156529,-63.09933174,0
550,9.874043616,40.21127019,49.99753952,-64.23488865,0
551,10.13681478,40.58236783,63.81495137,-61.19706047,0
552,10.69242537,41.63309473,57.15036412,-64.00565026,0
553,10.77894869,41.52257496,31.19839639,-57.79449584,0
554,11.04174597,41.73834306,21.54137869,-62.40323406,0
555,11.11377703,42.20574066,37.07248314,-59.56139533,1
556,11.29524303,41.92960392,46.58202238,-57.81789609,0
557,11.47659149,41.77394991,57.02635667,-59.95742279,0
558,11.78522953,42.59631081,70.99755983,-56.53935767,1
559,11.73757746,42.23391487,31.774743,-60.14513769,1
560,11.96680149,42.6126131,27.53298739,-54.24001241,1
561,12.38221153,43.50105796,77.80879685,-56.58908934,1
562,12.1705699,42.85964489,26.48267356,-57.29965541,1
563,11.93114026,42.74272962,48.70946421,-56.21156754,1
564,12.20737416,42.3642539,55.13382373,-53.51926495,1
565,11.82723144,42.84749402,52.48246525,-55.84802172,1
566,11.41414945,42.12182691,25.16192942,-55.73850031,1
567,11.50472184,41.84853844,23.42161484,-54.26273331,0
568,11.18894474,42.11303995,26.32900565,-55.77317277,1
569,11.32246158,42.45247744,55.13526103,-49.39795026,1
570,11.1998361,40.99597422,52.66069326,-53.81228111,0
571,11.3095129,41.58290696,34.02444752,-50.67781457,0
572,10.79345,40.80560382,58.26644851,-51.60517891,0
573,10.41504885,40.15262172,69.20405012,-53.69815895,0
574,10.33383134,40.91548443,22.49473759,-51.46823233,0
575,9.414498596,39.02483483,49.88779661,-49.63814203,0
576,9.573834425,39.22849422,61.35862473,-51.35539234,0
577,9.333688624,37.99860175,35.13871562,-48.38854019,0
578,8.521112128,38.09937721,38.46625432,-48.55105469,0
579,8.669170667,37.3841268,56.81827418,-48.59921828,0
580,8.119820141,37.20969653,73.87611761,-51.22315848,0
581,7.570766552,36.4948383,68.59546522,-52.35432352,0
582,7.374026518,36.74136908,54.98781315,-51.3367373,0
583,7.289177177,35.27935557,63.81330307,-49.65623711,0
584,6.454912093,33.17261206,41.88934821,-48.92061003,0
585,6.049644117,34.16639095,58.45793169,-54.34314281,0
586,5.489588978,34.13463906,47.97089547,-50.02840986,0
587,4.99499252,33.11196196,31.39616819,-49.73254054,0
588,4.918597018,32.48272524,62.10429643,-50.66465061,0
589,4.1749591,31.01662056,53.38787824,-47.61209095,0
590,3.962192387,31.34684988,41.51729492,-49.46028479,0
591,3.464048652,29.70929988,74.6803514,-47.81666417,0
592,3.278966588,30.15662877,21.25604707,-51.02600652,0
593,2.887216836,29.58356033,38.94638907,-48.8998111,0
594,2.680796475,29.55129967,23.41288387,-47.70873689,0
595,2.041271062,29.44173661,65.99163897,-48.58276069,0
596,1.77807479,27.86332017,62.12644725,-53.6406061,0
597,1.345378304,26.76358564,39.88113312,-52.236443,0
598,1.183076826,26.76182808,60.53977413,-52.71444848,0
599,1.101234663,25.76731404,43.75623357,-51.36253907,0
600,0.955245301,,65.37522749,-51.30678481,0
601,0.422802657,25.42956277,47.25101976,-54.71682342,0
602,0.610818057,25.65418289,44.73678367,-53.28357152,0
603,0.564788474,25.92336015,76.08379493,-57.85951478,1
604,0.260912623,24.98015897,35.05274599,-51.35589492,0
605,0.466512644,26.2602843,27.2268404,-55.70385962,0
606,0,25.00010353,55.0725868,-55.02537561,0
607,0,24.99534984,78.15930874,-56.23250342,1
608,0,24.83605264,42.67035282,-53.81477744,0
609,0.33207749,25.57571158,23.72220582,-62.29240076,0
610,0.222026613,25.74558905,40.35831604,-57.17746849,0
611,0.167108708,24.81709795,50.35589926,-57.89840801,0
612,0.349654627,25.1954237,29.7153804,-59.15156773,0
613,0.211799063,25.16583558,59.48613308,-55.36368884,0
614,1.096386118,25.97164372,79.86496334,-61.17627363,0
615,0.829691814,25.83490879,47.10436856,-58.45640765,0
616,1.047653524,26.33336985,41.2837134,-59.89806317,0
617,1.417088803,27.5628278,44.04225001,-58.70953856,0
618,1.637332893,27.58728,26.9087707,-63.19964531,0
619,1.876826582,27.91203483,72.99641609,-63.97380593,0
620,1.985179451,28.40321816,44.88953933,-60.96745732,0
621,2.567582158,28.78268734,43.23646469,-62.9690175,0
622,3.196889314,29.9905664,59.58141638,-67.57712758,0
623,3.452254633,30.12677107,46.52200526,-66.24017212,0
624,3.878217467,30.95000738,58.89400813,-65.06900088,0
625,3.845636005,30.47707468,23.68677741,-64.851508,0
626,4.148254901,30.00297377,68.82340062,-68.57499929,0
627,4.727372471,32.02391913,76.43023717,-73.73794271,0
628,5.176106377,33.47553363,58.92592317,-67.55842415,0
629,5.800299461,34.16355689,77.27395573,-71.74265145,0
630,5.661507074,33.97495935,29.08593886,-74.0346776,0
631,6.724448906,35.70473872,48.64497137,-76.36264178,0
632,6.803437026,35.24948433,56.10840404,-69.76716775,0
633,7.162093931,35.84179875,54.90419885,-71.83333436,0
634,7.45140326,35.86827894,44.08770675,-73.23477478,0
635,7.721149526,36.42368786,40.28506456,-70.69491483,0
636,8.605053975,38.21546654,27.60944135,-72.88358445,0
637,8.83149297,38.84918167,43.50454703,-71.60583783,0
638,8.921523405,38.31256197,29.75964891,-78.29821806,0
639,9.267695759,38.67644901,64.06194059,-76.24944114,0
640,9.789568718,39.68461706,32.52985613,-80.07382962,0
641,10.50175453,41.05323517,23.51391832,-77.95089653,0
642,10.40695068,39.88849862,53.14196827,-78.63196457,0
643,10.42743593,39.49306342,55.71378396,-77.51419566,0
644,10.92507682,41.11234681,72.31478368,-79.29830349,0
645,11.14160771,41.10205535,54.61889675,-78.75318572,0
646,10.85338695,41.02601032,40.72885122,-79.19150502,0
647,11.55224415,42.25447607,68.18071289,-76.87400071,1
648,11.66015219,42.26360408,52.41673359,-82.38629836,1
649,11.96101563,43.66775721,24.75681708,-84.19527491,1
650,12.27863774,43.58132899,53.95103362,-82.36358496,1
651,12.19244438,43.43890375,74.48111273,-84.98717218,1
652,11.94256722,43.22495441,43.77875753,-80.92924587,1
653,11.77503978,42.09314311,37.77954811,-84.95323208,1
654,12.48180333,44.24226089,28.60816742,-85.99404925,1
655,11.9206902,42.84315316,29.08673132,-86.2635203,1
656,11.82456022,43.07208063,45.96628906,-84.32338023,1
657,11.70151408,42.0163425,55.74078945,-86.49583385,1
658,11.60272008,41.62720074,24.83692431,-87.86408509,0
659,11.3638922,42.45478312,76.37411534,-83.63025809,1
660,11.08142002,,65.30801705,-89.03284776,0
661,10.86485365,40.84625469,55.1974351,-87.58781971,0
662,10.72151387,40.64743926,69.70632026,-86.67126862,0
663,10.350184,41.08799339,24.81120541,-91.53357937,0
664,10.02538107,39.44336565,48.61033266,-87.58315609,0
665,9.878011704,40.63835403,57.80558761,-90.90406777,0
666,9.47571607,38.76326374,69.71917437,-87.37556476,0
667,9.480314183,39.53966724,67.0081736,-91.15053594,0
668,8.286635415,37.26564388,36.62415498,-88.02037646,0
669,8.658721229,38.28967556,76.45281017,-87.35128588,0
670,8.301337898,37.17994985,27.46075049,-87.97328201,0
671,7.239146088,35.77732268,72.50801712,-89.30272808,0
672,7.178932626,35.78885853,78.25641498,-90.35303979,0
673,6.760750433,34.64003192,30.62921139,-91.10412016,0
674,6.137036504,34.57596693,63.32396385,-87.04574716,0
675,5.844436662,33.51004821,22.41713113,-91.39899044,0
676,5.359345988,32.92471902,44.32536951,-92.06194869,0
677,5.515415483,32.77594854,50.97699795,-88.62054314,0
678,4.939665534,31.12833147,54.83871355,-91.48271151,0
679,4.600486884,31.80521644,76.15623489,-91.70548837,0
680,4.092213553,32.34462804,60.33504124,-92.58336358,0
681,3.333769787,30.39295682,48.87667707,-90.52877169,0
682,3.07826657,29.60776967,68.58050218,-89.57134457,0
683,2.918359327,29.24609358,77.03196926,-88.73905046,0
684,2.228862924,28.35452733,21.32396892,-87.11851784,0
685,2.285874028,28.7023706,78.95127634,-87.74005657,0
686,1.783984698,27.08557064,25.16792834,-88.92542153,0
687,1.466166886,27.75641118,68.86320676,-88.66730051,0
688,1.414127472,27.47888187,36.82008515,-86.95556599,0
689,1.114627227,27.0310337,27.93077947,-85.11381153,0
690,0.731654344,26.31671939,46.39133838,-87.06787968,0
691,0.839101683,26.26846085,58.63739477,-87.89922363,0
692,0.220684207,25.66745693,42.8571107,-88.56648345,0
693,0.416848024,25.9211791,23.2739245,-89.07075042,0
694,0.296845894,25.26824849,55.96766838,-84.42767573,0
695,0.029244194,24.7570654,74.14419657,-84.16493182,0
696,0.098095232,25.198071,42.99292196,-83.70816946,0
697,0,25.77451008,32.97996666,-84.6441149,0
698,0.188460442,24.66313712,46.55464076,-81.07929792,0
699,0,24.26623737,22.90176266,-84.35084912,0
700,0,25.08238042,69.22925507,-80.94521372,0
701,0.388027488,25.60748508,69.58044866,-82.3907153,0
702,0.152792164,25.31585908,55.28002781,-82.97240658,0
703,0.155204613,25.35478352,41.18617334,-79.99879745,0
704,0.295909888,25.3322637,67.98700187,-79.77911305,0
705,0.925049568,27.13250607,53.28122149,-79.28605448,0
706,0.769688694,25.35408105,69.55593851,-79.22687441,0
707,1.622894315,27.02009296,57.88752755,-78.8432091,0
708,1.124745166,26.63549037,67.06432839,-73.35798888,0
709,2.171341051,27.43541717,55.91377959,-75.12361858,0
710,2.185477835,28.19028955,44.84846409,-75.39474908,0
711,2.453945864,29.51165388,77.4767516,-75.95674157,0
712,2.711500597,29.07769414,52.46682949,-73.49843272,0
713,3.262997846,30.00984722,56.30537111,-73.80244836,0
714,3.552053201,29.69799742,33.22925836,-74.10582431,0
715,4.168539516,30.94462857,57.53904737,-74.0800922,0
716,4.369021395,31.3659339,54.29645897,-72.94529669,0
717,4.782590207,32.01502776,31.09030388,-78.43142074,0
718,5.092238952,33.27918033,23.57522584,-70.9739278,0
719,5.570072033,33.63395358,56.26155918,-71.67494209,0
720,6.061560354,,65.82153616,-66.81466,0
721,6.076505164,34.23801014,51.40408226,-69.26332192,0
722,6.565401521,35.09721316,33.60635752,-70.98279736,0
723,7.396122964,36.66425896,59.9913186,-68.00919104,0
724,7.687997223,37.32226618,24.8063436,-69.30878015,0
725,8.015324193,36.51543919,46.51002229,-65.58022162,0
726,8.444106645,37.26073121,29.8020055,-65.25987145,0
727,8.886345718,37.70072965,31.06754306,-63.24588283,0
728,9.071563649,38.49033554,32.13763695,-66.06901647,0
729,9.371050569,39.28975504,43.20242342,-63.75164392,0
730,9.895894709,40.33750932,23.06901234,-65.88964072,0
731,9.972275667,39.92043799,43.86760646,-61.10487857,0
732,10.5405195,40.65085549,50.70244683,-60.82752478,0
733,10.3875478,40.6572007,48.9976571,-60.24096702,0
734,11.18005656,41.35251339,42.96704602,-60.60733068,0
735,11.29067192,42.98077724,70.34879648,-59.17045422,1
736,11.44397022,41.36212482,28.71960155,-56.1929365,0
737,11.75964132,42.73183228,50.34180463,-59.38633044,1
738,12.03943399,44.07095409,23.72248502,-57.96700459,1
739,12.02464837,43.04037248,24.26934073,-59.85902309,1
740,11.54067167,42.21598799,54.43195098,-58.88076973,1
741,11.71121598,42.38810126,53.96110549,-56.42176129,1
742,11.87138125,42.71687603,72.68201077,-53.8989655,1
743,12.00156317,43.688769,53.47242054,-56.12576564,1
744,12.07066318,42.00006381,77.58746122,-55.60893655,1
745,11.76369776,43.41226348,22.9216909,-55.49288163,1
746,11.85912771,42.07671299,25.88046109,-55.30929827,1
747,11.55526251,42.1995676,22.64395169,-53.2297172,1
748,11.44079957,41.94657714,31.11661102,-56.41376384,0
749,11.11143206,41.96142472,52.47620666,-50.47715892,0
750,11.01150577,40.71819648,58.73433089,-54.01033652,0
751,10.70388851,41.2869191,22.73510948,-50.89724117,0
752,10.53288987,41.81148962,76.75825339,-54.56411627,0
753,10.66959731,40.32280897,70.5299226,-50.39141059,0
754,9.978070445,40.06195875,37.79674893,-50.11243369,0
755,10.38320207,40.24381202,24.63125181,-50.43774344,0
756,9.625375094,39.65100624,30.19322439,-52.96772672,0
757,9.21648281,38.8342981,27.61666483,-50.2756697,0
758,8.645157821,37.64699328,27.39702676,-52.96019784,0
759,8.580481834,38.11465889,51.11370132,-50.9425745,0
760,7.936993295,37.807664,34.75084655,-48.24501874,0
761,7.678226098,36.42188725,41.48838299,-48.60123477,0
762,7.759487053,36.99910955,79.37032,-50.07919621,0
763,6.815826626,34.57710346,61.05885494,-51.99833215,0
764,6.648393508,34.49437207,76.93884002,-48.72100804,0
765,5.859364715,34.02525021,28.5533933,-49.96123752,0
766,5.574463459,34.1037532,42.92836849,-54.65281466,0
767,5.519121521,33.45648896,53.2839082,-48.48345934,0
768,4.627136444,31.78417565,24.60548371,-50.15802776,0
769,4.708665577,32.06264407,20.25124662,-47.78973613,0
770,4.089429527,30.50894042,60.22606003,-52.49438598,0
771,3.447086786,30.47288784,58.50917101,-56.79045561,0
772,3.309652171,30.40564479,44.6473286,-50.03591776,0
773,3.014995305,29.29644779,49.37864456,-50.19163873,0
774,2.597650479,28.66145464,44.92658004,-54.36021293,0
775,1.829229398,27.87678321,21.44030269,-53.16314668,0
776,1.686622342,27.31157365,40.12229637,-45.94588742,0
777,1.49162732,27.20437467,30.62493532,-52.34031208,0
778,1.257048793,27.93543408,25.90545135,-50.56220112,0
779,1.149908984,26.60135063,77.40322603,-53.6423678,0
780,0.839387777,,55.9615835,-56.86009772,0
781,0.34016685,25.18647937,63.71937705,-53.37955457,0
782,0.512936443,26.14150065,38.9218246,-53.95045767,0
783,0.415778051,25.53305499,43.58882777,-54.61941659,0
784,0.290183732,25.11058908,34.21543963,-54.4690666,0
785,0.307309627,26.12161646,25.81794026,-54.15057459,0
786,0.199653059,26.00928109,30.74189825,-55.43733739,0
787,0.095491054,24.8430248,67.85084272,-58.14121633,0
788,0,24.06673002,60.65274831,-55.13446301,0
789,0,25.50375684,52.81573256,-60.51613138,0
790,0.177077126,24.92330078,48.50539237,-61.24496272,0
791,0.21976318,25.72495757,75.34605702,-56.2084095,1
792,0.34797667,24.5369131,24.36409687,-57.23025441,0
793,0.181547157,25.71861941,36.83604879,-58.93093266,0
794,0.391024414,24.98095066,40.99627121,-62.19251172,0
795,1.014478148,26.88709928,66.94554873,-61.41582188,0
796,1.017863534,26.53393183,79.55087721,-61.13606224,0
797,1.408235618,26.63538372,34.44023089,-64.424365,0
798,1.546794722,27.11667393,72.45844005,-63.34332445,0
799,1.838001005,28.10016074,69.83736563,-61.20320746,0
800,2.330931103,28.54934388,33.47944386,-60.3049864,0
801,2.370079541,28.8473258,43.95995481,-64.65852962,0
802,2.83970857,30.24778315,44.58037216,-62.97427618,0
803,3.090715566,28.85395254,78.69324011,-68.98968223,0
804,3.472680896,31.01762763,30.85351408,-64.5228637,0
805,3.886044715,30.88124504,67.94947827,-68.13493328,0
806,4.390602619,31.1365119,40.05156285,-66.60184675,0
807,4.656780131,31.32001338,63.85222075,-68.40493557,0
808,5.416112619,33.02960873,45.20066026,-65.96404251,0
809,5.402539697,33.5646346,54.70158579,-71.05088136,0
810,5.962625671,33.88016395,69.9567064,-68.7447874,0
811,6.330592631,35.25146641,68.2499339,-71.25700486,0
812,7.124434183,34.96106343,71.98539101,-71.71174043,0
813,7.2867811,35.92412718,23.57703952,-72.45827705,0
814,7.860193043,36.16409284,61.52303318,-74.47480823,0
815,7.755008785,36.81432912,28.3992426,-73.50116149,0
816,8.493829912,38.18418856,44.94911408,-74.28353026,0
817,8.994755536,38.28175241,52.9153049,-74.35595742,0
818,9.195972383,37.49185165,44.16436908,-75.34373682,0
819,9.739807589,39.70918546,51.17670055,-74.58435079,0
820,9.753267968,39.84827123,79.79157853,-74.99338563,0
821,10.44981971,40.87687694,28.11303882,-79.59337851,0
822,10.91864858,41.99586396,60.52736272,-76.39718786,0
823,10.65549681,40.44771837,43.76005798,-81.14009579,0
824,10.88512493,41.66779545,27.98058793,-78.21371948,0
825,11.48682932,42.82649773,29.5242058,-78.76052243,1
826,11.70867871,41.67372427,76.95638637,-84.42101907,0
827,11.45853112,42.3476226,72.7760898,-80.99789958,1
828,11.62230173,42.18136269,74.42251762,-82.69269727,1
829,11.76541744,42.60736482,79.49196655,-83.83076002,1
830,11.63995642,42.63377287,32.4989234,-80.15404753,1
831,11.78340098,42.43148719,41.32636024,-84.68997041,1
832,11.79551681,42.35542117,60.1531418,-85.50592127,1
833,11.84278545,42.78125438,49.02815239,-84.23540613,1
834,11.96019439,42.39666862,45.103372,-83.49171702,1
835,11.95568946,42.39062163,41.46867496,-85.60418603,1
836,12.13187446,43.53749833,55.62683792,-83.42747398,1
837,11.50666829,41.68560542,54.53560572,-85.11838856,0
838,11.75996761,42.97310766,29.68747004,-90.93717409,1
839,11.34996651,42.25624541,48.30439025,-88.01989585,1
840,11.18625968,,53.20830657,-88.44419227,0
841,11.10918933,41.32500167,54.21721632,-86.70022995,0
842,10.50352012,41.35233488,32.60643157,-93.22551504,0
843,10.5353509,40.31244359,64.53628354,-83.17288974,0
844,10.20124066,40.06965887,21.51194569,-87.4816249,0
845,9.955215911,40.16385431,41.28991133,-88.49609881,0
846,9.584545243,39.76851312,66.81275891,-86.65799489,0
847,9.670575613,39.38009398,53.83357526,-84.53792581,0
848,8.68928138,37.73516697,35.66974595,-87.66442124,0
849,8.334220467,38.21251563,61.69718716,-87.66532582,0
850,7.927492755,37.76068896,54.04345665,-89.43477501,0
851,7.542728711,36.80352209,67.77461657,-90.08841288,0
852,7.119992719,35.72264815,64.10151117,-90.8420288,0
853,7.072841912,35.20513001,56.60647532,-91.60350499,0
854,6.702639692,34.63873733,49.29066052,-91.36184474,0
855,5.885850741,34.09003316,27.99092754,-92.70111193,0
856,5.414990043,33.33168417,35.67998107,-90.13955944,0
857,5.259244506,33.58966605,45.14596838,-93.32061616,0
858,4.642085246,32.28835292,55.95795722,-89.50860486,0
859,4.472762229,30.95760319,50.82247131,-89.87802259,0
860,3.988463744,31.50866943,37.29107156,-89.40228446,0
861,3.256431319,29.38561666,20.38786147,-90.60721515,0
862,3.492671664,30.04702186,49.77435331,-83.25219379,0
863,3.179659949,29.89459003,37.13755931,-86.50500212,0
864,2.350730748,29.52392987,64.07649804,-91.51021533,0
865,2.06573403,29.65356032,21.43677592,-88.32811624,0
866,1.889222855,28.13719581,55.08966868,-89.75968938,0
867,1.608022405,27.3204353,76.48845425,-90.29986861,0
868,1.403644333,27.37271932,30.46455603,-90.65602507,0
869,1.427815472,27.58555092,48.29896945,-86.79451848,0
870,0.768458132,25.99235338,25.48531951,-88.68326855,0
871,0.447576273,26.56897009,57.54091474,-85.02530988,0
872,0.161033027,25.35658492,53.03190084,-84.59318702,0
873,0.147474894,25.47008389,44.44193145,-83.43251112,0
874,0.171600248,25.5903625,51.28262129,-87.4649886,0
875,0.450065055,25.88589089,73.79447951,-84.37015764,0
876,0,25.41947025,31.77765814,-83.59798808,0
877,0.048412628,24.76399235,21.3538707,-85.33515236,0
878,0.000370459,24.72140481,71.69989308,-85.43671132,0
879,0.270547282,24.85574381,54.62702494,-80.1635708,0
880,0.596539967,26.11456057,73.43950733,-82.40076044,0
881,0.072051888,25.49754608,55.8167134,-81.04129401,0
882,0.195773014,25.52254595,68.6096654,-83.39985707,0
883,0.645729048,26.80583979,45.7804018,-83.622427,0
884,0.74361402,26.11262302,64.99159588,-81.73728483,0
885,1.173189042,27.09415439,74.78248801,-80.24804277,0
886,1.142560202,26.16798986,54.32737782,-81.51787127,0
887,1.20007706,26.60656574,30.84710903,-78.78711255,0
888,1.659262013,27.8366619,36.1278569,-81.51174324,0
889,2.053790493,28.5052368,31.91867461,-79.73222671,0
890,2.307370778,28.31407269,34.81142166,-75.49858037,0
891,2.574743292,28.82631531,38.38492696,-74.97275885,0
892,3.033819353,28.79179216,53.30802721,-76.29650065,0
893,3.417029741,29.94703001,55.27949777,-76.87396653,0
894,3.83601194,31.19920949,45.58998483,-76.21304092,0
895,4.077621118,31.40403418,56.92524679,-74.21950005,0
896,4.312752249,31.71946123,24.89449554,-71.49442504,0
897,4.781872592,32.19769573,25.26729422,-70.23407788,0
898,5.406263188,33.11292636,30.30976762,-72.38819295,0
899,5.418074023,32.79695047,51.08464988,-73.00497479,0
900,6.073734662,,32.83968072,-69.46431272,0
901,6.33987108,34.72029309,36.99706421,-70.94908001,0
902,6.84078757,35.50719078,44.01877017,-69.6413758,0
903,7.503160517,35.99172335,68.71196744,-65.25887855,0
904,7.692043949,35.46139446,20.83172815,-65.56230712,0
905,8.06140817,37.64068861,58.96272921,-66.21108782,0
906,8.16844863,37.01325422,60.13259186,-68.38560419,0
907,8.96608009,38.01773225,67.91934682,-64.73876895,0
908,9.308612422,39.30965809,75.96517634,-62.3619383,0
909,9.959362458,39.74303737,21.20827094,-64.57092744,0
910,9.795170011,40.22272321,29.22702233,-60.45736895,0
911,10.21178029,40.62617341,73.17027764,-59.92237755,0
912,10.50874569,41.1049032,47.51111373,-58.53780147,0
913,11.04355518,40.88235491,53.87543834,-60.62209081,0
914,10.95516633,42.03872149,59.78163222,-59.43578534,1
915,11.25195673,42.00856036,60.74399627,-57.17162542,1
916,11.51434358,42.0868768,75.9044242,-58.50682684,1
917,11.60042495,42.47233166,79.81696504,-59.81861015,1
918,11.61705237,41.53746095,63.20944766,-59.14138063,0
919,11.86059236,42.99521494,37.23327255,-57.20966059,1
920,12.12357287,42.67067355,72.78514414,-59.72537065,1
921,11.76182831,41.96640733,22.95325487,-56.9039057,0
922,12.0229389,42.27322875,33.86485117,-53.91373835,1
923,11.8563208,43.34082539,73.84314305,-59.9957117,1
924,12.2061407,42.99457935,35.37149087,-52.06813929,1
925,11.60420914,43.17317756,33.23906358,-52.4343627,1
926,11.70998999,42.29708425,28.28751759,-55.15931416,1
927,11.78178147,41.81899323,71.54670546,-52.73287846,0
928,11.87620793,42.25604968,50.00349555,-53.4129531,1
929,11.37961423,42.68732715,60.49359218,-50.57905734,1
930,11.08511252,41.54971969,34.34398304,-50.71412564,0
931,11.35045685,41.75154163,65.48242526,-55.14118959,0
932,10.43846174,40.73770173,65.6003327,-50.84959425,0
933,10.01910776,40.27955301,38.75588149,-52.14034655,0
934,10.25595311,40.94262908,44.64095798,-51.29065777,0
935,9.756314813,40.35872183,32.58141665,-52.66249139,0
936,9.32246495,38.8038131,78.5936614,-47.48259554,0
937,9.321186875,38.31875647,58.73615462,-48.69464244,0
938,8.865589519,38.0916517,76.07263284,-52.0736278,0
939,8.327604132,37.62154645,38.20313262,-53.1062692,0
940,7.79605998,36.21221051,66.91345478,-51.0751902,0
941,7.828315601,36.26389794,65.95151863,-49.32563333,0
942,7.37751038,36.23815951,61.49933911,-49.6291504,0
943,6.815203433,35.19847897,77.93833852,-47.54245335,0
944,6.787866242,35.19819786,43.61332017,-48.43234402,0
945,5.785983047,33.2997269,27.84303942,-48.06086195,0
946,5.276356123,32.79933383,60.30253155,-49.35847266,0
947,5.02657978,32.0777531,63.75858803,-52.82731646,0
948,4.743412652,32.56021818,54.50363441,-50.50095915,0
949,4.394843755,32.1098903,32.40907359,-48.07445915,0
950,3.899631928,29.92635396,50.2673565,-50.4068908,0
951,3.629991221,29.9802314,38.73138419,-49.43086725,0
952,2.932862738,28.65102948,45.64799169,-51.2315821,0
953,3.109237335,29.33884404,58.71311455,-52.83438978,0
954,2.456858251,28.64356839,64.71288456,-51.2255578,0
955,2.366733508,27.82527765,33.93348145,-50.5880527,0
956,1.900594847,27.38996236,44.31952164,-52.76769835,0
957,1.632481691,26.94674385,36.14969426,-52.20051334,0
958,1.385888934,27.18246707,31.91789683,-53.90304556,0
959,1.115316277,26.70764658,67.0032332,-50.10255831,0
960,0.932392129,,74.55516167,-53.26840344,0
961,0.873066228,26.39800978,42.21393114,-50.13352699,0
962,0.476201107,25.44096162,65.07673546,-50.36175285,0
963,0.435461654,25.51736493,73.81971736,-53.98175204,0
964,0.160278503,26.0771438,70.76745263,-56.25668239,0
965,0.379176925,26.23899591,30.96880331,-58.85090689,0
966,0,24.35020938,77.37751289,-58.08117764,1
967,0.363843124,25.9606309,42.60058643,-58.36087364,0
968,0,25.40569828,40.35443967,-53.34989334,0
969,0,24.42586836,23.74587964,-56.3857387,0
970,0.116774365,25.58455037,49.17041925,-56.36503876,0
971,0.042015311,25.83198893,26.54081694,-62.12761251,0
972,0.461789612,25.13141201,34.91238926,-60.64022781,0
973,0.306372077,25.0008067,39.01655731,-57.04198238,0
974,0.517999036,26.28582929,68.52957941,-58.82806649,0
975,0.425939431,25.7746568,72.52931902,-60.29441056,0
976,0.935313301,26.67870809,38.14797905,-59.48088403,0
977,0.787159613,26.35103403,71.52188727,-57.96098145,0
978,1.224350482,27.03187368,71.43385624,-62.30735207,0
979,1.984132708,27.312963,65.87905702,-62.36912853,0
980,2.300434374,28.97431041,28.80170684,-62.7744033,0
981,2.558379999,29.42236499,61.41937081,-59.03544084,0
982,2.627089186,28.82593841,76.70144387,-68.68596541,0
983,3.173628352,29.73870405,60.95242873,-63.79511606,0
984,3.558859634,29.5727357,39.89701095,-66.07137068,0
985,3.716206202,30.83143668,50.03475905,-65.39349299,0
986,4.646855525,32.25631201,58.7435026,-68.53128309,0
987,4.928002313,32.36090796,50.63422452,-68.0073608,0
988,5.120768559,33.24332952,27.1971765,-67.18204937,0
989,5.586838325,33.21321887,38.72384268,-63.07618966,0
990,6.041676562,34.34481781,68.14376183,-68.38392762,0
991,6.010191869,33.50545563,71.68508277,-72.39412113,0
992,6.785603129,35.16662862,28.23800196,-72.24264884,0
993,7.111073295,35.57943281,77.14320514,-72.99739748,0
994,7.453500133,36.29290416,39.72935707,-76.37474836,0
995,7.995900801,36.80908774,59.73882432,-74.13314394,0
996,8.799957164,38.13419945,65.10950876,-72.69257565,0
997,8.944997949,38.83052051,68.71677408,-77.38690215,0
998,9.065279787,38.37953756,76.74498213,-73.41578181,0
999,9.64122807,38.65855355,38.77517288,-75.20479025,0
1000,99,41.07968707,71.51038727,-78.30886951,0
1001,10.35287696,41.22004248,27.90121421,-77.77519114,0
1002,10.47079503,40.06006119,62.30245438,-74.93808925,0
1003,10.59867717,41.24286965,64.51866377,-77.30032731,0
1004,11.1138701,41.41931776,60.66339447,-79.37186395,0
1005,11.2748495,42.04401786,35.13888417,-80.47536663,1
1006,11.57180292,42.50481645,72.38258882,-80.44516714,1
1007,11.69013749,42.41800233,30.1315078,-82.20738519,1
1008,11.91624964,42.48249163,23.21808749,-85.96520406,1
1009,11.71472732,42.22682045,63.04789944,-78.22887369,1
1010,12.17232533,42.80039204,48.52854291,-82.5451022,1
1011,12.00665129,42.59406584,70.9458812,-82.5863176,1
1012,12.41139714,43.58350656,43.00382846,-84.00898291,1
1013,11.8585074,42.4298811,30.09671531,-85.85702961,1
1014,12.31432413,43.81251223,70.18653155,-85.23474547,1
1015,11.94842867,43.66626609,52.9345779,-88.51967839,1
1016,11.69149076,42.24720951,31.35174754,-81.20604208,1
1017,11.60956193,42.53404515,63.22303992,-88.64936388,1
1018,11.49903367,42.49839305,50.66681831,-88.64468402,1
1019,11.47759747,42.45239734,56.25877893,-87.84148033,1
1020,11.30071952,,47.65390029,-84.74435663,0
1021,10.85948543,41.66056936,69.72253903,-87.62993386,0
1022,10.7231936,41.32591488,69.77376294,-90.44815252,0
1023,10.88732302,40.71215333,62.56332931,-85.76223243,0
1024,10.51345886,41.20476632,26.32408264,-87.08167584,0
1025,9.943990392,40.35963101,70.33123171,-87.7169825,0
1026,9.534312209,38.91982526,60.26077883,-87.58966184,0
1027,9.203521851,38.82425169,61.82144996,-84.43651012,0
1028,8.939532971,38.75096395,41.77897042,-85.03572474,0
1029,8.235861345,37.24913511,72.75677337,-90.9363827,0
1030,8.000645552,37.53745735,63.52229601,-86.44838507,0
1031,7.32010732,37.16209723,26.75542799,-89.039025,0
1032,7.327314769,35.59797914,44.46668206,-88.89224628,0
1033,6.964477794,34.75619439,73.18282172,-93.33582267,0
1034,6.32190155,34.63476162,22.8318021,-90.32858807,0
1035,6.314797353,34.83297728,77.68499718,-91.62564718,0
1036,5.336308025,32.88902885,60.7497541,-88.33169891,0
1037,4.872086418,33.03475996,57.88255866,-87.80912,0
1038,4.797420219,31.52682743,36.23355539,-94.03941061,0
1039,4.555595526,32.1798526,34.92750732,-89.8494311,0
1040,4.284664678,31.12406661,76.52349317,-87.45243205,0
1041,3.467803289,31.06139389,37.89634725,-89.93630994,0
1042,3.39890679,31.09461786,66.5303178,-87.94778724,0
1043,2.812782721,28.83584579,43.58730789,-88.52290298,0
1044,2.438763026,28.38336597,28.35524425,-88.33780986,0
1045,2.320006329,28.90980344,20.64291786,-89.33648237,0
1046,1.962514353,27.7502062,52.65544022,-90.9768387,0
1047,1.225852616,26.81607331,78.54672911,-90.51396945,0
1048,1.567243548,27.36355953,42.14817163,-86.5571759,0
1049,1.301792835,25.99285268,41.43154004,-87.62003535,0
1050,0.678735037,26.01118368,40.64549707,-87.59753256,0
1051,0.686396429,25.68473076,51.23263024,-87.80874201,0
1052,0.53570291,25.55699295,46.43989301,-87.19112914,0
1053,0.345795655,26.24050948,72.7948776,-84.0865163,0
1054,0.068164612,24.47399347,50.3312475,-86.43070324,0
1055,0,25.40660259,50.46547029,-88.00301829,0
1056,0.027757814,24.90215526,28.30229568,-83.37559296,0
1057,0.238200842,25.21742118,78.96437245,-84.79654933,1
1058,0.112375069,25.56374855,34.99837345,-83.83037568,0
1059,0,25.17002565,24.40184405,-80.16745551,0
1060,0.245493224,25.65354633,59.78877494,-82.89687331,0
1061,0,25.48409233,55.72198221,-81.73486216,0
1062,0.523414042,25.61946687,44.90873924,-84.11355203,0
1063,0.088954117,24.82731281,45.33153403,-81.62319697,0
1064,0.534747534,25.25954604,67.10383526,-79.37933319,0
1065,0.579913598,25.45716513,31.74275841,-83.11074747,0
1066,0.76683827,27.62480462,69.21519914,-78.98774107,0
1067,1.504100836,27.87849104,58.92482683,-78.56584079,0
1068,1.447590807,26.49584903,45.13818643,-78.05215795,0
1069,1.901350554,27.19079685,47.481717,-75.41781407,0
1070,2.133890226,28.44176837,35.39883243,-76.17152584,0
1071,2.568696652,29.12667738,65.12685996,-73.22419609,0
1072,2.835848793,29.52821511,50.77248454,-77.49992615,0
1073,2.926572178,29.26238037,39.25127256,-74.56658878,0
1074,3.758833505,30.57552313,55.76300695,-73.98930024,0
1075,3.849127823,30.9376315,79.74406712,-75.61147254,0
1076,4.034859485,31.09523573,46.11573678,-70.87087202,0
1077,4.666906823,30.89071005,75.24148405,-67.44122265,0
1078,5.465113352,33.08277021,40.7010104,-71.42914162,0
1079,5.751505506,33.20155504,23.28396242,-69.68794776,0
1080,5.930269573,,32.25452638,-69.83096305,0
1081,6.348687302,36.01566045,45.1217086,-70.72917941,0
1082,6.770711596,35.33980823,33.17809572,-72.24639108,0
1083,7.662819742,36.33746477,20.01362229,-69.3209777,0
1084,7.730211225,37.05621759,74.90009226,-70.00045474,0
1085,8.138129189,37.44853773,70.63276467,-63.11883229,0
1086,8.646476549,38.17976207,64.53753389,-66.07198557,0
1087,8.864587209,38.60030611,30.06887574,-65.85340075,0
1088,9.127707156,39.71983252,27.22181457,-62.70894523,0
1089,9.487441544,38.6657181,24.05628497,-66.06316232,0
1090,9.842405406,40.00042415,63.44175133,-64.69332521,0
1091,10.16050578,39.7775681,75.72847764,-62.37172359,0
1092,10.60439486,41.18434862,45.83214925,-59.80772916,0
1093,10.7384537,40.64833729,27.14844032,-60.22920697,0
1094,11.12075345,41.47244677,50.74356924,-60.11391846,0
1095,11.18000911,41.6224687,40.92991445,-59.84376453,0
1096,11.40849132,42.60064533,42.48949546,-58.601143,1
1097,11.16346299,42.20442171,57.27983745,-58.41283612,1
1098,11.88960463,42.21154826,63.1230868,-60.3042395,1
1099,11.89107205,42.86407513,26.63621593,-57.59461205,1
1100,12.10844854,42.80788288,22.13541385,-59.29162512,1
1101,11.3878803,41.45256799,79.65981816,-56.45522279,0
1102,12.4140199,43.51252133,33.96370093,-57.06812847,1
1103,11.96842704,42.79839916,23.22983149,-50.53444075,1
1104,12.18876794,44.49651015,31.39251975,-55.21689226,1
1105,11.70086533,42.76777791,22.33747078,-57.48759027,1
1106,11.94432914,42.22768496,43.50865368,-54.50814535,1
1107,11.49565599,41.96109698,68.14410707,-52.78094262,0
1108,11.43834934,42.66821565,40.47466699,-50.07252066,1
1109,11.77557055,43.70757721,46.65100441,-54.21794288,1
1110,11.15801594,40.94403226,60.53520641,-55.84434787,0
1111,11.01771201,40.58660582,50.5336442,-50.70737412,0
1112,10.90207807,42.28859969,71.68674116,-54.78531649,1
1113,10.55800533,41.03181508,71.9621405,-52.60140173,0
1114,10.198034,39.86290464,20.59464173,-51.97156388,0
1115,9.929717859,40.16189133,66.68277839,-51.34541449,0
1116,10.00739463,38.69321808,47.64401601,-49.60054076,0
1117,9.167991826,38.75367549,79.33043248,-52.14203465,0
1118,8.857049186,38.44948437,48.99392455,-51.14154398,0
1119,8.650550738,38.43796118,79.21375672,-50.46558869,0
1120,8.273226047,36.90289109,65.27416167,-50.00464902,0
1121,7.891230196,36.87968887,34.91629308,-49.99898428,0
1122,7.375216189,35.60011197,52.30369876,-49.23755054,0
1123,6.606437623,35.03734831,79.52813837,-48.36103998,0
1124,6.745225149,34.67016456,71.45183647,-49.22691523,0
1125,5.770730921,33.45204596,25.84201363,-49.09282895,0
1126,5.641988251,32.96507468,62.38231981,-53.17662979,0
1127,5.014106224,32.84672746,40.73477515,-49.9482636,0
1128,4.739702186,32.53877884,20.41893571,-49.150547,0
1129,4.411928347,31.50058224,44.20885814,-48.73675624,0
1130,4.012150583,31.03734487,34.0852653,-51.68854649,0
1131,3.643964292,29.74165073,69.13215623,-51.75512654,0
1132,3.505912877,30.10903099,40.23983653,-51.74228683,0
1133,2.911191275,29.3416846,69.65142164,-49.70193828,0
1134,2.424457159,29.94708228,20.03587633,-48.91110756,0
1135,2.336091776,27.94815415,38.469149,-52.0210678,0
1136,2.069943875,28.83700443,34.46991286,-49.64039828,0
1137,1.295609484,27.44184361,34.01404166,-51.48213123,0
1138,1.391415492,27.22744144,24.09119719,-52.27269063,0
1139,1.166009113,27.62832391,31.22745622,-52.7638166,0
1140,0.744334877,,53.33297419,-51.1862692,0
1141,0.882377085,26.51814523,37.48166437,-52.38788244,0
1142,0.406885755,25.58376831,45.04368694,-48.86759769,0
1143,0.318776193,26.08994873,42.61201282,-55.5241094,0
1144,0.143611277,25.76365153,72.5542955,-53.20358152,0
1145,0.094269291,24.82856529,74.31793994,-55.73751316,0
1146,0,24.3403764,49.5774183,-56.87567746,0
1147,0,24.89850968,39.80935702,-55.63493827,0
1148,0.322556051,25.08381479,26.40804224,-55.83212763,0
1149,0,24.96823771,77.20417276,-50.78104076,1
1150,0,25.61871907,23.61361669,-57.51253944,0
1151,0,24.77134917,37.85901665,-59.94712795,0
1152,0.165868553,25.22739114,37.88397207,-57.69827352,0
1153,0.172278914,25.28742974,39.22407717,-62.96542201,0
1154,0.935638754,26.82767357,29.8572106,-59.58552828,0
1155,1.005810995,25.38527183,66.98968586,-59.96794944,0
1156,0.888144496,26.0288666,27.34987172,-59.02136798,0
1157,1.722422639,27.68927581,58.09439955,-59.28533257,0
1158,1.737484145,28.2062657,27.4307616,-62.87240638,0
1159,1.767083501,27.40467403,24.23213826,-62.80909616,0
1160,1.643393199,26.52681345,74.56577022,-64.69183879,0
1161,2.931477001,29.70707122,31.40772598,-66.07578522,0
1162,2.542569921,28.49617369,69.27500927,-63.86746332,0
1163,2.854090874,28.68630298,52.67785227,-67.70873319,0
1164,3.764094228,30.33396865,24.67139118,-66.67101998,0
1165,4.435829621,31.56148175,77.32689149,-68.51738437,0
1166,4.623030429,31.63217331,34.81767002,-66.11717161,0
1167,4.865311679,31.19518449,71.57872072,-64.30657054,0
1168,5.283912263,33.37440149,30.12860035,-71.20804649,0
1169,5.752144269,34.26565392,71.23657293,-73.00804703,0
1170,6.151785718,34.55343957,20.79372877,-70.24977377,0
1171,6.474777127,34.14332286,50.70682739,-70.66659434,0
1172,6.855878827,35.18307247,66.16655477,-70.95781086,0
1173,7.234951519,35.84916662,76.08773105,-72.9832103,0
1174,7.503031217,36.55394402,74.55212817,-73.18474062,0
1175,7.995985845,37.32814901,69.17749217,-72.73794273,0
1176,8.101828496,36.78565584,73.29148098,-72.07737203,0
1177,8.797161451,38.23673996,31.95318115,-78.74853545,0
1178,8.981797364,38.70133625,37.05105774,-76.25062599,0
1179,9.30599365,39.68690164,37.3381115,-75.7527223,0
1180,9.892704488,40.19131,42.62323586,-78.67635508,0
1181,10.44635068,41.06405436,43.59924022,-74.0297926,0
1182,10.64253227,41.00571173,52.67331948,-79.40555262,0
1183,10.4139644,41.32617617,29.5927858,-78.85000831,0
1184,10.77629981,41.36933111,61.47479983,-78.27738706,0
1185,11.38430666,41.64591604,30.05399236,-81.18256958,0
1186,11.1962668,42.49608518,38.61850893,-84.29153138,1
1187,11.5181765,42.62621638,50.20070784,-82.04116712,1
1188,11.81634952,42.50300227,67.78643369,-79.69682393,1
1189,11.62810547,42.20241172,64.36815399,-82.98701976,1
1190,11.92992162,43.0431702,58.73206138,-84.5486208,1
1191,11.70032627,42.78208181,29.34639563,-81.53126771,1
1192,11.87607143,42.91275328,52.82272074,-84.5547172,1
1193,12.06030135,43.24610636,25.24679011,-85.40711763,1
1194,11.64853263,43.32277763,42.64179061,-84.56398433,1
1195,11.99694147,43.53118377,44.81099182,-83.77938844,1
1196,11.8178468,42.82208799,22.38868637,-80.99678801,1
1197,11.81683709,43.19591092,36.43928597,-84.52586767,1
1198,11.60788595,41.89556698,77.33896804,-84.26107152,0
1199,11.66559236,42.69735207,77.21795647,-87.97289432,1
1200,11.22119732,,41.13962326,-89.37224429,0
1201,10.88834433,41.22349354,22.58600654,-87.53428916,0
1202,10.75252402,40.70496907,30.74569636,-87.7615411,0
1203,10.56752856,40.52524839,43.53306761,-90.42793464,0
1204,10.17772224,39.72176684,76.86678188,-88.89426615,0
1205,9.864843996,39.40488504,28.47194381,-87.99521721,0
1206,9.386313176,38.89421571,65.81095062,-88.30034354,0
1207,9.046935402,37.86761959,26.52095236,-88.21665821,0
1208,8.536308322,37.81227165,78.87545464,-88.82398507,0
1209,8.790335207,38.6366414,42.89698995,-90.57696933,0
1210,7.803348213,36.25114423,66.51407233,-90.72395631,0
1211,7.515243095,37.0325066,40.55546497,-92.20326417,0
1212,7.103788692,35.91107908,57.66013263,-86.32088783,0
1213,7.014023481,36.03632551,31.52096508,-89.92438028,0
1214,6.359548907,34.21040608,28.76126116,-90.43752265,0
1215,6.249548415,34.80158524,76.28384837,-91.85758416,0
1216,5.446763033,32.6241776,75.05883667,-84.11650074,0
1217,5.220760227,33.27626409,73.24813641,-92.09793707,0
1218,4.585460444,31.96411034,57.52600701,-90.74813376,0
1219,4.775205691,32.43943415,68.49609267,-88.9736877,0
1220,3.710359456,29.97774188,24.14221621,-88.49572913,0
1221,3.621544284,29.9847815,40.08734251,-87.6470879,0
1222,3.309925999,30.26350311,38.82218749,-85.79069751,0
1223,2.903244234,28.88069235,58.13871932,-88.21291861,0
1224,2.436230954,28.88594958,41.35746641,-91.13319193,0
1225,2.117310202,27.4923964,28.9104069,-89.30774267,0
1226,1.840812072,28.18530521,55.78802452,-87.92801235,0
1227,1.511730647,26.65133431,68.86303524,-84.13445707,0
1228,1.464711302,27.47321692,42.92740967,-90.77149188,0
1229,1.467879165,27.51463421,27.93612291,-85.25379885,0
1230,0.69234922,25.69013792,31.80129184,-86.96067934,0
1231,0.333275126,25.79092597,34.24899831,-85.28530085,0
1232,0.419240463,25.75908183,37.99385558,-86.78474088,0
1233,0.80960277,25.94498323,58.56770423,-87.86520515,0
1234,0.017490729,24.52195875,56.05672907,-84.25846951,0
1235,0.418976843,24.64715242,61.76479169,-84.01202681,0
1236,0.368408791,25.72743821,41.75011907,-82.91878258,0
1237,0,24.21759861,69.43985911,-84.41340528,0
1238,0.117451654,25.22384958,32.24525967,-85.09281146,0
1239,0.358547952,25.40609782,48.14244485,-86.50018612,0
1240,0.015327934,25.36256329,68.05632329,-81.21700566,0
1241,0.13750957,25.05524161,30.80951886,-81.46545054,0
1242,0.177324719,25.10126319,26.59178682,-83.68727031,0
1243,0.233945526,25.71685364,73.02103806,-82.26100542,0
1244,0.477380213,25.88359933,40.57577977,-81.53190291,0
1245,0.559059524,25.99666726,61.03220749,-82.96596886,0
1246,1.032591258,26.78352068,21.52091626,-81.02479605,0
1247,1.117940832,25.90912519,61.4028133,-81.03508365,0
1248,1.587888229,27.76022668,38.96607869,-78.95969089,0
1249,1.520870648,27.58754037,23.34445122,-78.96952686,0
1250,2.209450388,27.80583402,56.58876569,-80.09441271,0
1251,2.639994279,28.83795118,34.44822896,-72.13515943,0
1252,2.421737286,28.61295229,43.20843452,-73.00766565,0
1253,3.257981937,29.81972451,24.83484874,-76.39647676,0
1254,3.80511394,30.87460089,28.82979507,-73.61339102,0
1255,3.705950936,31.2746098,37.87863413,-72.63803337,0
1256,4.680690342,32.56191888,25.38557003,-70.40129031,0
1257,4.836333657,31.59839089,74.64957588,-73.72777932,0
1258,5.023959023,32.84697353,20.36282259,-69.21091591,0
1259,5.570307342,34.01992767,49.03161313,-71.79380054,0
1260,6.111665383,,27.39484749,-72.67172481,0
1261,6.433739921,35.19610009,38.46074537,-67.85373695,0
1262,6.942789804,36.42031993,75.56357359,-66.02335368,0
1263,7.063335426,36.10685791,29.7016732,-62.73361279,0
1264,7.6876963,36.65619875,77.94993918,-69.61598851,0
1265,7.769377961,37.17661118,32.34766262,-65.12919708,0
1266,8.418174646,37.69970589,64.49396651,-66.66136867,0
1267,8.636047848,37.96602329,52.80063589,-63.59484467,0
1268,9.032409597,38.37290728,73.06872366,-67.42823199,0
1269,9.773930149,40.4426019,53.23959533,-66.34519966,0
1270,10.07498768,39.70326719,52.07355315,-64.71134678,0
1271,10.28977785,41.20085063,31.72748002,-62.34994004,0
1272,10.2404064,40.61054166,29.97376172,-63.14742967,0
1273,10.66478283,40.29752116,74.98934907,-59.91446838,0
1274,11.21684498,42.00909211,39.67029193,-58.55677951,1
1275,11.22449581,40.78673045,42.3249353,-58.80084492,0
1276,11.85663019,43.09769929,65.58941951,-56.16403944,1
1277,11.6417667,42.90526578,40.32940895,-57.98448867,1
1278,11.74474892,42.3209454,77.1237468,-60.67808837,1
1279,11.75995106,42.70170045,64.27566614,-54.96001747,1
1280,11.9355547,43.88041077,55.84575455,-58.35456028,1
1281,11.9366374,42.65208276,72.85370963,-54.79655087,1
1282,12.1379667,42.67749625,22.9763545,-52.95936416,1
1283,12.18768543,44.02235984,35.42376153,-54.69982797,1
1284,11.80993348,43.69619382,47.90218005,-58.12942112,1
1285,11.64259993,42.46574773,33.61871237,-56.51553547,1
1286,11.45453328,42.68753144,64.63431124,-51.59429599,1
